{"means": [-1.3809468089503415e-05, 0.5004722330285887, 0.009033813292912021, 0.0, 0.0, 3.3591691598211125e-05, -0.06453649125143716, 0.0003215372907153703, 1.3442076512680274e-06, -3.2696842546992596e-06, 0.19980352528918097, 0.3866666666666123, 0.4994154367666657, 0.33910452558373927, 0.14130921803654797, 0.16955226279186963, 0.5511700913242009, 0.18608732876712328, 0.0047659817351598174, 0.257976598173516, 0.3333333333333333, 0.20833333333333334, 0.25, 0.125, 0.08333333333333333, 0.49877996575342465, 0.48357591324200916, 0.027047659817351598], "stds": [0.0018253837196007055, 0.23357708934995858, 5.447193049852698, 1.0, 1.0, 0.0022750537425330064, 7.556697942090505, 0.3701785747204218, 0.0005767842901829203, 0.001027922847684168, 0.08963057418954484, 0.25785439474417804, 0.2029612105171677, 0.22311992175444384, 0.17375071364315617, 0.11155996087722192, 0.49737472970983615, 0.3891771252774709, 0.06887138123526591, 0.43752105431394284, 0.47140452079075906, 0.4061164310333002, 0.4330127018922193, 0.33071891388307384, 0.27638539919645083, 0.4999985115139865, 0.49973017656959695, 0.16222232865982256]}