{
  "version": 2,
  "means": [
    -1.2770062767231138e-06,
    0.5010067820549011,
    0.013478472828865051,
    0.006281002890318632,
    -0.15919210016727448,
    6.87354477122426e-05,
    -0.05953846499323845,
    0.001062986208125949,
    1.3334317827684572e-06,
    -2.0048992155352607e-06,
    0.20310553908348083,
    0.49999698996543884,
    0.5003228187561035,
    0.10532360523939133,
    0.0,
    0.015798509120941162,
    0.12904779613018036,
    0.0,
    0.2482084482908249,
    0.6227437853813171,
    0.33322882652282715,
    0.20826801657676697,
    0.2502351403236389,
    0.12496080994606018,
    0.08330720663070679,
    0.5013324618339539,
    0.6250839829444885,
    0.023838849738240242,
    0.00327866873703897,
    0.49947652220726013,
    0.31260356307029724,
    0.02907218411564827,
    0.3348708748817444,
    0.27619025111198425,
    0.47851163148880005,
    0.4999783933162689,
    0.5003799796104431,
    0.5010077357292175,
    0.49833130836486816,
    0.4999522864818573,
    0.5,
    0.5,
    8.922417578105524e-07,
    2.0017453152831877e-06,
    0.06368260085582733,
    0.0,
    0.1242176741361618,
    -1.0810294952534605e-06,
    0.15694771707057953,
    0.01812111958861351,
    0.0021222096402198076,
    -1.23483407497406,
    0.4996037185192108,
    0.6450709700584412,
    7.91079000919126e-05,
    0.010339646600186825,
    -2.573365236457903e-07,
    -0.1766168624162674
  ],
  "stds": [
    0.002314155688509345,
    0.12251932919025421,
    2.1822633743286133,
    19.950855255126953,
    66.09003448486328,
    0.003192845033481717,
    4.847817420959473,
    0.36655882000923157,
    0.0005796141340397298,
    0.001054765423759818,
    0.10127120465040207,
    0.2687232494354248,
    0.052796825766563416,
    0.007572511676698923,
    1.0,
    0.0011358784977346659,
    0.33521801233291626,
    1.0,
    0.43196621537208557,
    0.48481422662734985,
    0.47148752212524414,
    0.4059494435787201,
    0.4331054091453552,
    0.33067765831947327,
    0.2762320935726166,
    0.4999982714653015,
    0.4840993881225586,
    0.15259818732738495,
    0.002922045299783349,
    0.3316309452056885,
    0.4635489881038666,
    0.026209989562630653,
    0.06621342897415161,
    0.4469611644744873,
    0.1359260082244873,
    0.16936451196670532,
    0.2493201494216919,
    0.11044482886791229,
    0.3324783444404602,
    0.1107996255159378,
    1.0,
    1.0,
    0.0005179683212190866,
    0.00047739941510371864,
    0.17666871845722198,
    1.0,
    0.22157715260982513,
    0.0005130380159243941,
    0.2901332676410675,
    0.4873846173286438,
    0.0023864819668233395,
    1.7981075048446655,
    0.23871035873889923,
    0.47832658886909485,
    0.01761743426322937,
    0.45512500405311584,
    0.00018599179747980088,
    2.1751487255096436
  ],
  "feature_names": [
    "ptb_dist_pct",
    "rsi_norm",
    "rsi_slope",
    "macd_hist",
    "macd_line",
    "vwap_dist",
    "vwap_slope",
    "ha_signed_consec",
    "delta_1m_pct",
    "delta_3m_pct",
    "vol_ratio_norm",
    "minutes_left_norm",
    "rule_prob_up",
    "rule_confidence",
    "vwap_cross_count_norm",
    "best_edge",
    "regime_trending",
    "regime_choppy",
    "regime_mean_reverting",
    "regime_moderate",
    "session_asia",
    "session_europe",
    "session_us",
    "session_overlap",
    "session_offhours",
    "ha_is_green",
    "multi_tf_agreement",
    "failed_vwap_reclaim",
    "bb_width",
    "bb_percent_b",
    "bb_squeeze",
    "atr_pct_norm",
    "atr_ratio_norm",
    "atr_expanding",
    "vol_delta_buy_ratio",
    "vol_delta_accel",
    "ema_dist_norm",
    "ema_cross_signal",
    "stoch_k_norm",
    "stoch_kd_norm",
    "funding_rate_norm",
    "funding_sentiment",
    "delta_1m_capped",
    "momentum_accel",
    "rsi_x_trending",
    "rsi_x_choppy",
    "rsi_x_mean_rev",
    "delta1m_x_multitf",
    "bb_pctb_x_squeeze",
    "vol_buy_x_delta",
    "vwap_trend_strength",
    "rsi_divergence",
    "combined_oscillator",
    "ha_delta_agree",
    "delta_1m_atr_adj",
    "price_position_score",
    "vol_weighted_momentum",
    "macd_x_rsi_slope"
  ],
  "num_features": 58,
  "original_features": 42,
  "engineered_feature_specs": {
    "delta_1m_capped": {
      "type": "clip",
      "source": "delta_1m_pct",
      "clip_std": 3
    },
    "momentum_accel": {
      "type": "formula",
      "formula": "delta_1m - delta_3m/3"
    },
    "rsi_x_trending": {
      "type": "multiply",
      "a": "rsi_norm",
      "b": "regime_trending"
    },
    "rsi_x_choppy": {
      "type": "multiply",
      "a": "rsi_norm",
      "b": "regime_choppy"
    },
    "rsi_x_mean_rev": {
      "type": "multiply",
      "a": "rsi_norm",
      "b": "regime_mean_reverting"
    },
    "delta1m_x_multitf": {
      "type": "multiply",
      "a": "delta_1m_pct",
      "b": "multi_tf_agreement"
    },
    "bb_pctb_x_squeeze": {
      "type": "multiply",
      "a": "bb_percent_b",
      "b": "bb_squeeze"
    },
    "vol_buy_x_delta": {
      "type": "formula",
      "formula": "vol_delta_buy_ratio * sign(delta_1m_pct)"
    },
    "vwap_trend_strength": {
      "type": "formula",
      "formula": "vwap_dist * sign(vwap_slope)"
    },
    "rsi_divergence": {
      "type": "formula",
      "formula": "sign(delta_3m_pct) * (-rsi_slope)"
    },
    "combined_oscillator": {
      "type": "formula",
      "formula": "(rsi_norm + stoch_k_norm + bb_percent_b) / 3"
    },
    "ha_delta_agree": {
      "type": "formula",
      "formula": "sign(ha_signed_consec) == sign(delta_1m_pct) ? 1 : 0"
    },
    "delta_1m_atr_adj": {
      "type": "formula",
      "formula": "delta_1m_pct / max(atr_pct_norm, 0.01)"
    },
    "price_position_score": {
      "type": "formula",
      "formula": "sign(vwap_dist)*0.4 + (bb_percent_b-0.5)*0.3 + (ema_cross_signal-0.5)*0.3"
    },
    "vol_weighted_momentum": {
      "type": "multiply",
      "a": "delta_1m_pct",
      "b": "vol_ratio_norm"
    },
    "macd_x_rsi_slope": {
      "type": "formula",
      "formula": "sign(macd_line) * rsi_slope"
    }
  },
  "train_samples": 89308
}